T_WASP,T_Solver,n_paths,n_solver,avg-cmds,n_assert_falses
tbl0,tbl1,tbl0,tbl1,tbl0,tbl1,tbl0,tbl1,tbl0,tbl1,tbl0,tbl1
46.53258333333339,58.04946111111113,17.455732596388888,29.025580579444437,17677,73972,39810,73641,132413806.27605633,132001219.56901409,275,255
32.09839722222221,71.35201666666667,1.7857726608333333,0.03798508277777777,16196,261,15975,26,603031807.8174274,7642578.883817428,106,3
