T_WASP,T_Solver,n_paths,avg-cmds,n_assert_falses
tbl0,tbl1,tbl0,tbl1,tbl0,tbl1,tbl0,tbl1,tbl0,tbl1
46.97243055555548,57.30979444444445,17.01011166416667,29.34811929638888,17706,74287,146570917.54084507,141037685.75915492,277,258
32.15841944444446,61.354538888888946,1.5651208141666682,0.18906091694444443,14846,262,617049806.8091286,7692147.385892116,106,8
